y_true,y_pred
unknown,unknown
unknown,unknown
unknown,unknown
unknown,unknown
unknown,unknown
unknown,unknown
unknown,unknown
unknown,unknown
unknown,unknown
unknown,unknown
unknown,unknown
unknown,unknown
unknown,unknown
unknown,unknown
unknown,unknown
unknown,unknown
unknown,unknown
unknown,unknown
unknown,unknown
unknown,unknown
unknown,unknown
unknown,unknown
unknown,unknown
unknown,unknown
unknown,unknown
unknown,unknown
unknown,unknown
unknown,unknown
unknown,unknown
unknown,unknown
unknown,unknown
unknown,unknown
unknown,unknown
unknown,unknown
unknown,unknown
unknown,unknown
unknown,unknown
unknown,unknown
unknown,unknown
unknown,unknown
unknown,unknown
unknown,unknown
unknown,unknown
unknown,unknown
unknown,unknown
unknown,unknown
unknown,unknown
unknown,unknown
unknown,unknown
unknown,unknown
unknown,unknown
unknown,unknown
unknown,unknown
unknown,unknown
unknown,unknown
unknown,unknown
unknown,unknown
unknown,unknown
unknown,unknown
unknown,unknown
unknown,unknown
unknown,unknown
unknown,unknown
unknown,unknown
unknown,unknown
unknown,unknown
unknown,unknown
unknown,unknown
unknown,unknown
unknown,unknown
unknown,unknown
unknown,unknown
unknown,unknown
unknown,unknown
unknown,unknown
unknown,unknown
unknown,unknown
unknown,unknown
unknown,unknown
unknown,unknown
unknown,unknown
unknown,unknown
unknown,unknown
unknown,unknown
unknown,unknown
unknown,unknown
unknown,unknown
unknown,unknown
unknown,unknown
unknown,unknown
unknown,unknown
unknown,unknown
unknown,unknown
unknown,unknown
unknown,unknown
unknown,unknown
unknown,unknown
unknown,unknown
unknown,unknown
unknown,unknown
unknown,unknown
unknown,unknown
unknown,unknown
unknown,unknown
unknown,unknown
unknown,unknown
unknown,unknown
unknown,unknown
unknown,unknown
unknown,unknown
unknown,unknown
unknown,unknown
unknown,unknown
unknown,unknown
unknown,unknown
unknown,unknown
unknown,unknown
unknown,unknown
unknown,unknown
unknown,unknown
unknown,unknown
unknown,unknown
unknown,unknown
unknown,unknown
unknown,unknown
unknown,unknown
unknown,unknown
unknown,unknown
unknown,unknown
unknown,unknown
unknown,unknown
unknown,unknown
unknown,unknown
unknown,unknown
unknown,unknown
unknown,unknown
unknown,unknown
unknown,unknown
unknown,unknown
unknown,unknown
unknown,unknown
unknown,unknown
unknown,unknown
unknown,unknown
unknown,unknown
unknown,unknown
unknown,unknown
unknown,unknown
unknown,unknown
unknown,unknown
unknown,unknown
unknown,unknown
unknown,unknown
unknown,unknown
unknown,unknown
unknown,unknown
unknown,unknown
unknown,unknown
unknown,unknown
unknown,unknown
unknown,unknown
unknown,unknown
unknown,unknown
unknown,unknown
unknown,unknown
unknown,unknown
unknown,unknown
unknown,unknown
unknown,unknown
unknown,unknown
unknown,unknown
unknown,unknown
unknown,unknown
unknown,unknown
unknown,unknown
unknown,unknown
unknown,unknown
unknown,unknown
unknown,unknown
unknown,unknown
unknown,unknown
unknown,unknown
unknown,unknown
unknown,unknown
unknown,unknown
unknown,unknown
unknown,unknown
unknown,unknown
unknown,unknown
unknown,unknown
unknown,unknown
unknown,unknown
unknown,unknown
unknown,unknown
unknown,unknown
unknown,unknown
unknown,unknown
unknown,unknown
unknown,unknown
unknown,unknown
unknown,unknown
unknown,unknown
unknown,unknown
unknown,unknown
unknown,unknown
unknown,unknown
unknown,unknown
unknown,unknown
unknown,unknown
unknown,unknown
unknown,unknown
unknown,unknown
unknown,unknown
unknown,unknown
unknown,unknown
unknown,unknown
unknown,unknown
unknown,unknown
unknown,unknown
unknown,unknown
unknown,unknown
unknown,unknown
unknown,unknown
unknown,unknown
unknown,unknown
unknown,unknown
unknown,unknown
unknown,unknown
unknown,unknown
unknown,unknown
unknown,unknown
unknown,unknown
unknown,unknown
unknown,unknown
unknown,unknown
unknown,unknown
unknown,unknown
unknown,unknown
unknown,unknown
unknown,unknown
unknown,unknown
unknown,unknown
unknown,unknown
unknown,unknown
unknown,unknown
unknown,unknown
unknown,unknown
unknown,unknown
unknown,unknown
unknown,unknown
unknown,unknown
unknown,unknown
unknown,unknown
unknown,unknown
unknown,unknown
unknown,unknown
unknown,unknown
unknown,unknown
unknown,unknown
unknown,unknown
unknown,unknown
unknown,unknown
unknown,unknown
unknown,unknown
unknown,unknown
unknown,unknown
unknown,unknown
unknown,unknown
unknown,unknown
unknown,unknown
unknown,unknown
unknown,unknown
unknown,unknown
unknown,unknown
unknown,unknown
unknown,unknown
unknown,unknown
unknown,unknown
unknown,unknown
unknown,unknown
unknown,unknown
unknown,unknown
unknown,unknown
unknown,unknown
unknown,unknown
unknown,unknown
unknown,unknown
unknown,unknown
unknown,unknown
unknown,unknown
unknown,unknown
unknown,unknown
unknown,unknown
unknown,unknown
unknown,unknown
unknown,unknown
unknown,unknown
unknown,unknown
unknown,unknown
unknown,unknown
unknown,unknown
unknown,unknown
unknown,unknown
unknown,unknown
unknown,unknown
unknown,unknown
unknown,unknown
unknown,unknown
unknown,unknown
unknown,unknown
unknown,unknown
unknown,unknown
unknown,unknown
unknown,unknown
unknown,unknown
unknown,unknown
unknown,unknown
unknown,unknown
unknown,unknown
unknown,unknown
unknown,unknown
unknown,unknown
unknown,unknown
unknown,unknown
unknown,unknown
unknown,unknown
unknown,unknown
unknown,unknown
unknown,unknown
unknown,unknown
unknown,unknown
unknown,unknown
unknown,unknown
unknown,unknown
unknown,unknown
unknown,unknown
unknown,unknown
unknown,unknown
unknown,unknown
unknown,unknown
unknown,unknown
unknown,unknown
unknown,unknown
unknown,unknown
unknown,unknown
unknown,unknown
unknown,unknown
unknown,unknown
unknown,unknown
unknown,unknown
unknown,unknown
unknown,unknown
unknown,unknown
unknown,unknown
unknown,unknown
unknown,unknown
unknown,unknown
unknown,unknown
unknown,unknown
unknown,unknown
unknown,unknown
unknown,unknown
unknown,unknown
unknown,unknown
unknown,unknown
unknown,unknown
unknown,unknown
unknown,unknown
unknown,unknown
unknown,unknown
unknown,unknown
unknown,unknown
unknown,unknown
unknown,unknown
unknown,unknown
unknown,unknown
unknown,unknown
unknown,unknown
unknown,unknown
unknown,unknown
unknown,unknown
unknown,unknown
unknown,unknown
unknown,unknown
unknown,unknown
unknown,unknown
unknown,unknown
unknown,unknown
unknown,unknown
unknown,unknown
unknown,unknown
unknown,unknown
unknown,unknown
unknown,unknown
unknown,unknown
unknown,unknown
unknown,unknown
unknown,unknown
unknown,unknown
unknown,unknown
unknown,unknown
unknown,unknown
unknown,unknown
unknown,unknown
unknown,unknown
unknown,unknown
unknown,unknown
unknown,unknown
unknown,unknown
unknown,unknown
unknown,unknown
unknown,unknown
unknown,unknown
unknown,unknown
unknown,unknown
unknown,unknown
unknown,unknown
unknown,unknown
unknown,unknown
unknown,unknown
unknown,unknown
unknown,unknown
unknown,unknown
unknown,unknown
unknown,unknown
unknown,unknown
unknown,unknown
unknown,unknown
unknown,unknown
unknown,unknown
unknown,unknown
unknown,unknown
unknown,unknown
unknown,unknown
unknown,unknown
unknown,unknown
unknown,unknown
unknown,unknown
unknown,unknown
unknown,unknown
unknown,unknown
unknown,unknown
unknown,unknown
unknown,unknown
unknown,unknown
unknown,unknown
unknown,unknown
unknown,unknown
unknown,unknown
unknown,unknown
unknown,unknown
unknown,unknown
unknown,unknown
unknown,unknown
unknown,unknown
unknown,unknown
unknown,unknown
unknown,unknown
unknown,unknown
unknown,unknown
unknown,unknown
unknown,unknown
unknown,unknown
unknown,unknown
unknown,unknown
unknown,unknown
unknown,unknown
unknown,unknown
unknown,unknown
unknown,unknown
unknown,unknown
unknown,unknown
unknown,unknown
unknown,unknown
unknown,unknown
unknown,unknown
unknown,unknown
unknown,unknown
unknown,unknown
unknown,unknown
unknown,unknown
unknown,unknown
unknown,unknown
unknown,unknown
unknown,unknown
unknown,unknown
unknown,unknown
unknown,unknown
unknown,unknown
unknown,unknown
unknown,unknown
unknown,unknown
unknown,unknown
unknown,unknown
unknown,unknown
unknown,unknown
unknown,unknown
unknown,unknown
unknown,unknown
unknown,unknown
unknown,unknown
unknown,unknown
unknown,unknown
unknown,unknown
unknown,unknown
unknown,unknown
unknown,unknown
unknown,unknown
unknown,unknown
unknown,unknown
unknown,unknown
unknown,unknown
unknown,unknown
unknown,unknown
unknown,unknown
unknown,unknown
unknown,unknown
unknown,unknown
unknown,unknown
unknown,unknown
unknown,unknown
unknown,unknown
unknown,unknown
unknown,unknown
unknown,unknown
unknown,unknown
unknown,unknown
unknown,unknown
unknown,unknown
unknown,unknown
unknown,unknown
unknown,unknown
unknown,unknown
unknown,unknown
unknown,unknown
unknown,unknown
unknown,unknown
unknown,unknown
unknown,unknown
unknown,unknown
unknown,unknown
unknown,unknown
unknown,unknown
unknown,unknown
unknown,unknown
unknown,unknown
unknown,unknown
unknown,unknown
unknown,unknown
unknown,unknown
unknown,unknown
unknown,unknown
unknown,unknown
unknown,unknown
unknown,unknown
unknown,unknown
unknown,unknown
unknown,unknown
unknown,unknown
unknown,unknown
unknown,unknown
unknown,unknown
unknown,unknown
unknown,unknown
unknown,unknown
unknown,unknown
unknown,unknown
unknown,unknown
unknown,unknown
unknown,unknown
unknown,unknown
unknown,unknown
unknown,unknown
unknown,unknown
unknown,unknown
unknown,unknown
unknown,unknown
unknown,unknown
unknown,unknown
unknown,unknown
unknown,unknown
unknown,unknown
unknown,unknown
unknown,unknown
unknown,unknown
unknown,unknown
unknown,unknown
unknown,unknown
unknown,unknown
unknown,unknown
unknown,unknown
unknown,unknown
unknown,unknown
unknown,unknown
unknown,unknown
unknown,unknown
unknown,unknown
unknown,unknown
unknown,unknown
unknown,unknown
unknown,unknown
unknown,unknown
unknown,unknown
unknown,unknown
unknown,unknown
unknown,unknown
unknown,unknown
unknown,unknown
unknown,unknown
unknown,unknown
unknown,unknown
unknown,unknown
unknown,unknown
unknown,unknown
unknown,unknown
unknown,unknown
unknown,unknown
unknown,unknown
unknown,unknown
unknown,unknown
unknown,unknown
unknown,unknown
unknown,unknown
unknown,unknown
unknown,unknown
unknown,unknown
unknown,unknown
unknown,unknown
unknown,unknown
unknown,unknown
unknown,unknown
unknown,unknown
unknown,unknown
unknown,unknown
unknown,unknown
unknown,unknown
unknown,unknown
unknown,unknown
unknown,unknown
unknown,unknown
unknown,unknown
unknown,unknown
unknown,unknown
unknown,unknown
unknown,unknown
unknown,unknown
unknown,unknown
unknown,unknown
unknown,unknown
unknown,unknown
unknown,unknown
unknown,unknown
unknown,unknown
unknown,unknown
unknown,unknown
unknown,unknown
unknown,unknown
unknown,unknown
unknown,unknown
unknown,unknown
unknown,unknown
unknown,unknown
unknown,unknown
unknown,unknown
unknown,unknown
unknown,unknown
unknown,unknown
unknown,unknown
unknown,unknown
unknown,unknown
unknown,unknown
unknown,unknown
unknown,unknown
unknown,unknown
unknown,unknown
unknown,unknown
unknown,unknown
unknown,unknown
unknown,unknown
unknown,unknown
unknown,unknown
unknown,unknown
unknown,unknown
unknown,unknown
unknown,unknown
unknown,unknown
unknown,unknown
unknown,unknown
unknown,unknown
unknown,unknown
unknown,unknown
unknown,unknown
unknown,unknown
unknown,unknown
unknown,unknown
unknown,unknown
unknown,unknown
unknown,unknown
unknown,unknown
unknown,unknown
unknown,unknown
unknown,unknown
unknown,unknown
unknown,unknown
unknown,unknown
unknown,unknown
unknown,unknown
unknown,unknown
unknown,unknown
unknown,unknown
unknown,unknown
unknown,unknown
unknown,unknown
unknown,unknown
unknown,unknown
unknown,unknown
unknown,unknown
unknown,unknown
unknown,unknown
unknown,unknown
unknown,unknown
unknown,unknown
unknown,unknown
unknown,unknown
unknown,unknown
unknown,unknown
unknown,unknown
unknown,unknown
unknown,unknown
unknown,unknown
unknown,unknown
unknown,unknown
unknown,unknown
unknown,unknown
unknown,unknown
unknown,unknown
unknown,unknown
unknown,unknown
unknown,unknown
unknown,unknown
unknown,unknown
unknown,unknown
unknown,unknown
unknown,unknown
unknown,unknown
unknown,unknown
unknown,unknown
unknown,unknown
unknown,unknown
unknown,unknown
unknown,unknown
unknown,unknown
unknown,unknown
unknown,unknown
unknown,unknown
unknown,unknown
unknown,unknown
unknown,unknown
unknown,unknown
unknown,unknown
unknown,unknown
unknown,unknown
unknown,unknown
unknown,unknown
unknown,unknown
unknown,unknown
unknown,unknown
unknown,unknown
unknown,unknown
unknown,unknown
unknown,unknown
unknown,unknown
unknown,unknown
unknown,unknown
unknown,unknown
unknown,unknown
unknown,unknown
unknown,unknown
unknown,unknown
unknown,unknown
unknown,unknown
unknown,unknown
unknown,unknown
unknown,unknown
unknown,unknown
unknown,unknown
unknown,unknown
unknown,unknown
unknown,unknown
unknown,unknown
unknown,unknown
unknown,unknown
unknown,unknown
unknown,unknown
unknown,unknown
unknown,unknown
unknown,unknown
unknown,unknown
unknown,unknown
unknown,unknown
